ts,endpoint,remaining,used,last
2026-10-04T23:52:46Z,events,482,18,0
2026-10-04T23:52:46Z,odds:close,479,21,3
2026-10-05T00:09:20Z,events,479,21,0
2026-10-05T00:31:13Z,events,479,21,0
2026-10-05T00:58:04Z,events,479,21,0
2026-10-05T01:21:19Z,events,479,21,0
2026-10-05T01:42:40Z,events,479,21,0
2026-10-05T01:59:46Z,events,479,21,0
2026-10-05T02:23:19Z,events,479,21,0
2026-10-05T02:50:08Z,events,479,21,0
2026-10-05T03:08:27Z,events,479,21,0
2026-10-05T03:33:32Z,events,479,21,0
2026-10-05T04:02:08Z,events,479,21,0
2026-10-05T04:27:25Z,events,479,21,0
2026-10-05T05:10:09Z,events,479,21,0
2026-10-05T13:24:21Z,events,476,24,0
2026-10-05T13:51:40Z,events,476,24,0
2026-10-05T14:08:56Z,events,476,24,0
2026-10-05T14:34:13Z,events,476,24,0
2026-10-05T14:58:15Z,events,476,24,0
2026-10-05T15:22:26Z,events,476,24,0
2026-10-05T15:42:29Z,events,476,24,0
2026-10-05T15:59:34Z,events,476,24,0
2026-10-05T16:22:26Z,events,476,24,0
2026-10-05T16:42:53Z,events,476,24,0
2026-10-05T16:59:30Z,events,476,24,0
2026-10-05T17:19:10Z,events,476,24,0
2026-10-05T17:37:14Z,events,476,24,0
2026-10-05T17:55:47Z,events,476,24,0
2026-10-05T18:23:20Z,events,476,24,0
2026-10-05T18:47:16Z,events,476,24,0
2026-10-05T21:31:46Z,events,476,24,0
2026-10-05T21:41:49Z,events,476,24,0
2026-10-05T21:57:25Z,events,476,24,0
2026-10-05T22:17:49Z,events,476,24,0
2026-10-05T22:34:31Z,events,476,24,0
2026-10-05T22:53:07Z,events,476,24,0
2026-10-05T23:06:34Z,events,476,24,0
2026-10-05T23:24:29Z,events,476,24,0
2026-10-05T23:43:37Z,events,476,24,0
2026-10-05T23:43:37Z,odds:close,473,27,3
2026-10-05T23:58:48Z,events,473,27,0
2026-10-06T00:31:52Z,events,473,27,0
2026-10-06T00:57:10Z,events,473,27,0
2026-10-06T01:21:33Z,events,473,27,0
2026-10-06T01:41:11Z,events,473,27,0
2026-10-06T01:57:40Z,events,473,27,0
2026-10-06T02:21:14Z,events,473,27,0
2026-10-06T02:43:01Z,events,473,27,0
2026-10-06T02:59:53Z,events,473,27,0
2026-10-06T03:22:59Z,events,473,27,0
2026-10-06T03:45:16Z,events,473,27,0
2026-10-06T04:05:15Z,events,473,27,0
2026-10-06T04:32:08Z,events,473,27,0
2026-10-06T04:52:28Z,events,473,27,0
2026-10-06T05:12:16Z,events,473,27,0
2026-10-06T13:20:55Z,events,470,30,0
2026-10-06T13:39:59Z,events,470,30,0
2026-10-06T13:58:34Z,events,470,30,0
2026-10-06T14:20:43Z,events,470,30,0
2026-10-06T14:38:48Z,events,470,30,0
2026-10-06T14:57:34Z,events,470,30,0
2026-10-06T15:19:50Z,events,470,30,0
2026-10-06T15:37:39Z,events,470,30,0
2026-10-06T15:56:10Z,events,470,30,0
2026-10-06T16:20:43Z,events,470,30,0
2026-10-06T16:40:23Z,events,470,30,0
2026-10-06T16:58:08Z,events,470,30,0
2026-10-06T17:17:23Z,events,470,30,0
2026-10-06T17:35:35Z,events,470,30,0
2026-10-06T17:54:32Z,events,470,30,0
2026-10-06T18:20:42Z,events,470,30,0
2026-10-06T18:42:43Z,events,470,30,0
2026-10-06T18:59:34Z,events,470,30,0
2026-10-06T19:18:57Z,events,470,30,0
2026-10-06T19:36:32Z,events,470,30,0
2026-10-06T19:53:46Z,events,470,30,0
2026-10-06T20:18:50Z,events,470,30,0
2026-10-06T20:38:11Z,events,470,30,0
2026-10-06T20:54:15Z,events,470,30,0
2026-10-06T21:18:01Z,events,470,30,0
2026-10-06T21:35:35Z,events,470,30,0
2026-10-06T21:53:49Z,events,470,30,0
2026-10-06T22:06:54Z,events,470,30,0
2026-10-06T22:27:18Z,events,470,30,0
2026-10-06T22:45:37Z,events,470,30,0
2026-10-06T23:00:10Z,events,470,30,0
2026-10-06T23:18:54Z,events,470,30,0
2026-10-06T23:35:27Z,events,470,30,0
2026-10-06T23:53:33Z,events,470,30,0
2026-10-07T00:33:09Z,events,470,30,0
2026-10-07T01:00:03Z,events,470,30,0
2026-10-07T01:23:27Z,events,470,30,0
2026-10-07T01:49:11Z,events,470,30,0
2026-10-07T02:06:32Z,events,470,30,0
2026-10-07T02:31:45Z,events,470,30,0
2026-10-07T02:52:01Z,events,470,30,0
2026-10-07T03:12:01Z,events,470,30,0
2026-10-07T03:36:17Z,events,470,30,0
2026-10-07T03:58:18Z,events,470,30,0
2026-10-07T04:23:07Z,events,470,30,0
2026-10-07T04:47:58Z,events,470,30,0
2026-10-07T05:04:58Z,events,470,30,0
2026-10-07T13:22:24Z,events,470,30,0
2026-10-07T13:41:40Z,events,470,30,0
2026-10-07T13:59:36Z,events,470,30,0
2026-10-07T14:22:12Z,events,470,30,0
2026-10-07T14:41:31Z,events,470,30,0
2026-10-07T15:00:06Z,events,470,30,0
2026-10-07T15:31:37Z,events,470,30,0
2026-10-07T15:55:16Z,events,470,30,0
2026-10-07T16:21:41Z,events,470,30,0
2026-10-07T16:42:28Z,events,470,30,0
2026-10-07T17:09:09Z,events,470,30,0
2026-10-07T17:31:27Z,events,470,30,0
2026-10-07T17:50:45Z,events,470,30,0
2026-10-07T18:04:07Z,events,470,30,0
2026-10-07T18:33:00Z,events,470,30,0
2026-10-07T18:56:21Z,events,470,30,0
2026-10-07T19:19:35Z,events,470,30,0
2026-10-07T19:37:07Z,events,470,30,0
2026-10-07T19:53:35Z,events,470,30,0
2026-10-07T20:19:32Z,events,470,30,0
2026-10-07T20:37:50Z,events,470,30,0
2026-10-07T20:55:14Z,events,470,30,0
2026-10-07T21:19:13Z,events,470,30,0
2026-10-07T21:37:50Z,events,470,30,0
2026-10-07T21:55:47Z,events,470,30,0
2026-10-07T22:16:15Z,events,470,30,0
2026-10-07T22:35:44Z,events,470,30,0
2026-10-07T22:54:32Z,events,470,30,0
2026-10-07T23:15:18Z,events,470,30,0
2026-10-07T23:34:20Z,events,470,30,0
2026-10-07T23:52:55Z,events,470,30,0
2026-10-08T00:09:07Z,events,470,30,0
2026-10-08T00:31:31Z,events,470,30,0
2026-10-08T00:59:51Z,events,470,30,0
2026-10-08T01:23:39Z,events,470,30,0
